{
  "model": "TinyLlama/TinyLlama-1.1B-Chat-v1.0",
  "runs": [
    {
      "quant": "f16",
      "size_bytes": 2201018656,
      "ppl": 7.3132,
      "ppl_err": 0.04435
    },
    {
      "quant": "Q3_K_M",
      "size_bytes": 548405536,
      "ppl": 7.8592,
      "ppl_err": 0.04726
    },
    {
      "quant": "Q4_K_M",
      "size_bytes": 667816224,
      "ppl": 7.5304,
      "ppl_err": 0.04512
    },
    {
      "quant": "Q5_K_M",
      "size_bytes": 782045472,
      "ppl": 7.3717,
      "ppl_err": 0.04477
    }
  ]
}