{
  "model": "Qwen/Qwen2.5-7B-Instruct",
  "baseline": {
    "ppl": 6.473193805553278,
    "ci_low": 6.420704018238401,
    "ci_high": 6.53058140417805
  },
  "runs": [
    {
      "name": "sgsr2_3.25",
      "status": "ok",
      "ppl": 10.978113535746171,
      "ci_low": 10.878702999857843,
      "ci_high": 11.082388773282421,
      "ppl_delta_pct": 69.593,
      "size_mb": 2983.6,
      "eff_bits_from_size": 3.836,
      "plan": [
        [
          3,
          128
        ],
        [
          3,
          128
        ],
        [
          3,
          128
        ],
        [
          3,
          128
        ],
        [
          3,
          128
        ],
        [
          3,
          128
        ],
        [
          3,
          128
        ],
        [
          3,
          128
        ],
        [
          3,
          128
        ],
        [
          3,
          128
        ],
        [
          3,
          128
        ],
        [
          3,
          128
        ],
        [
          3,
          128
        ],
        [
          3,
          128
        ],
        [
          3,
          128
        ],
        [
          3,
          128
        ],
        [
          3,
          128
        ],
        [
          3,
          128
        ],
        [
          3,
          128
        ],
        [
          3,
          128
        ],
        [
          3,
          128
        ],
        [
          3,
          128
        ],
        [
          3,
          128
        ],
        [
          3,
          128
        ],
        [
          3,
          128
        ],
        [
          3,
          128
        ],
        [
          3,
          128
        ],
        [
          3,
          128
        ]
      ],
      "elapsed_s": 7723.0
    },
    {
      "name": "sgsr2_3.5",
      "status": "ok",
      "ppl": 8.12663268855151,
      "ci_low": 8.056297435416226,
      "ci_high": 8.203379754636526,
      "ppl_delta_pct": 25.543,
      "size_mb": 3083.3,
      "eff_bits_from_size": 3.964,
      "plan": [
        [
          3,
          128
        ],
        [
          3,
          128
        ],
        [
          3,
          128
        ],
        [
          3,
          128
        ],
        [
          3,
          128
        ],
        [
          3,
          128
        ],
        [
          3,
          128
        ],
        [
          3,
          128
        ],
        [
          3,
          128
        ],
        [
          3,
          128
        ],
        [
          3,
          128
        ],
        [
          3,
          128
        ],
        [
          3,
          128
        ],
        [
          3,
          128
        ],
        [
          3,
          128
        ],
        [
          3,
          128
        ],
        [
          3,
          128
        ],
        [
          3,
          128
        ],
        [
          3,
          128
        ],
        [
          3,
          128
        ],
        [
          3,
          128
        ],
        [
          3,
          128
        ],
        [
          3,
          128
        ],
        [
          3,
          128
        ],
        [
          3,
          128
        ],
        [
          3,
          128
        ],
        [
          3,
          64
        ],
        [
          4,
          128
        ]
      ],
      "elapsed_s": 7797.4
    },
    {
      "name": "sgsr2_4.0",
      "status": "ok",
      "ppl": 7.680991923779441,
      "ci_low": 7.614766874820362,
      "ci_high": 7.753526855005026,
      "ppl_delta_pct": 18.658,
      "size_mb": 3284.7,
      "eff_bits_from_size": 4.223,
      "plan": [
        [
          3,
          128
        ],
        [
          3,
          128
        ],
        [
          3,
          128
        ],
        [
          3,
          128
        ],
        [
          3,
          128
        ],
        [
          3,
          128
        ],
        [
          4,
          128
        ],
        [
          4,
          128
        ],
        [
          3,
          128
        ],
        [
          4,
          128
        ],
        [
          3,
          64
        ],
        [
          3,
          64
        ],
        [
          3,
          128
        ],
        [
          3,
          128
        ],
        [
          3,
          128
        ],
        [
          3,
          128
        ],
        [
          3,
          128
        ],
        [
          3,
          128
        ],
        [
          3,
          128
        ],
        [
          3,
          128
        ],
        [
          3,
          128
        ],
        [
          3,
          64
        ],
        [
          3,
          64
        ],
        [
          3,
          64
        ],
        [
          4,
          128
        ],
        [
          4,
          128
        ],
        [
          4,
          128
        ],
        [
          4,
          64
        ]
      ],
      "elapsed_s": 7676.7
    },
    {
      "name": "sgsr2_4.5",
      "status": "ok",
      "ppl": 6.729944224196306,
      "ci_low": 6.675166728996916,
      "ci_high": 6.788183588584646,
      "ppl_delta_pct": 3.966,
      "size_mb": 4130.0,
      "eff_bits_from_size": 5.309,
      "plan": [
        [
          4,
          128
        ],
        [
          4,
          128
        ],
        [
          4,
          128
        ],
        [
          4,
          64
        ],
        [
          4,
          128
        ],
        [
          4,
          64
        ],
        [
          4,
          64
        ],
        [
          4,
          64
        ],
        [
          4,
          128
        ],
        [
          4,
          64
        ],
        [
          4,
          64
        ],
        [
          4,
          128
        ],
        [
          4,
          128
        ],
        [
          4,
          64
        ],
        [
          4,
          64
        ],
        [
          4,
          128
        ],
        [
          4,
          128
        ],
        [
          4,
          128
        ],
        [
          4,
          128
        ],
        [
          4,
          128
        ],
        [
          4,
          128
        ],
        [
          4,
          64
        ],
        [
          4,
          64
        ],
        [
          4,
          64
        ],
        [
          4,
          64
        ],
        [
          5,
          128
        ],
        [
          5,
          128
        ],
        [
          5,
          64
        ]
      ],
      "elapsed_s": 7817.3
    },
    {
      "name": "uniform_3b_gs32",
      "status": "ok",
      "ppl": 8.801626072092875,
      "ci_low": 8.72129055786775,
      "ci_high": 8.884970152897763,
      "ppl_delta_pct": 35.97,
      "size_mb": 3567.0,
      "eff_bits_from_size": 4.586,