{
  "model": "TinyLlama/TinyLlama-1.1B-Chat-v1.0",
  "baseline": {
    "ppl": 7.187101414502517,
    "ci_low": 7.128491134641003,
    "ci_high": 7.246752579290867
  },
  "runs": [
    {
      "name": "sgsr2_3.0",
      "status": "error",
      "error": "budget 3.0 irraggiungibile: range valido [3.25, 7.00]"
    },
    {
      "name": "sgsr2_3.25",
      "status": "ok",
      "ppl": 10.447353663243856,
      "ci_low": 10.357842072636368,
      "ci_high": 10.53508490997784,
      "ppl_delta_pct": 45.363,
      "size_mb": 430.3,
      "eff_bits_from_size": 3.725,
      "plan": [
        [
          3,
          128
        ],
        [
          3,
          128
        ],
        [
          3,
          128
        ],
        [
          3,
          128
        ],
        [
          3,
          128
        ],
        [
          3,
          128
        ],
        [
          3,
          128
        ],
        [
          3,
          128
        ],
        [
          3,
          128
        ],
        [
          3,
          128
        ],
        [
          3,
          128
        ],
        [
          3,
          128
        ],
        [
          3,
          128
        ],
        [
          3,
          128
        ],
        [
          3,
          128
        ],
        [
          3,
          128
        ],
        [
          3,
          128
        ],
        [
          3,
          128
        ],
        [
          3,
          128
        ],
        [
          3,
          128
        ],
        [
          3,
          128
        ],
        [
          3,
          128
        ]
      ],
      "elapsed_s": 1412.1
    },
    {
      "name": "sgsr2_3.5",
      "status": "ok",
      "ppl": 9.129306572933153,
      "ci_low": 9.054192689047012,
      "ci_high": 9.205015828592936,
      "ppl_delta_pct": 27.023,
      "size_mb": 457.8,
      "eff_bits_from_size": 3.964,
      "plan": [
        [
          3,
          128
        ],
        [
          3,
          128
        ],
        [
          4,
          128
        ],
        [
          3,
          128
        ],
        [
          3,
          128
        ],
        [
          3,
          128
        ],
        [
          3,
          128
        ],
        [
          4,
          128
        ],
        [
          3,
          128
        ],
        [
          3,
          128
        ],
        [
          3,
          128
        ],
        [
          3,
          64
        ],
        [
          3,
          128
        ],
        [
          3,
          128
        ],
        [
          3,
          128
        ],
        [
          3,
          128
        ],
        [
          3,
          128
        ],
        [
          3,
          128
        ],
        [
          3,
          64
        ],
        [
          3,
          64
        ],
        [
          3,
          128
        ],
        [
          4,
          128
        ]
      ],
      "elapsed_s": 1417.9
    },
    {
      "name": "sgsr2_4.0",
      "status": "ok",
      "ppl": 8.213619152046483,
      "ci_low": 8.14677343853142,
      "ci_high": 8.280864487086859,
      "ppl_delta_pct": 14.283,
      "size_mb": 502.4,
      "eff_bits_from_size": 4.35,
      "plan": [
        [
          3,
          128
        ],
        [
          3,
          64
        ],
        [
          4,
          128
        ],
        [
          3,
          128
        ],
        [
          3,
          128
        ],
        [
          3,
          64
        ],
        [
          3,
          64
        ],
        [
          4,
          128
        ],
        [
          3,
          64
        ],
        [
          3,
          64
        ],
        [
          3,
          64
        ],
        [
          3,
          64
        ],
        [
          3,
          64
        ],
        [
          3,
          64
        ],
        [
          4,
          128
        ],
        [
          4,
          128
        ],
        [
          4,
          128
        ],
        [
          4,
          128
        ],
        [
          4,
          128
        ],
        [
          4,
          128
        ],
        [
          4,
          128
        ],
        [
          4,
          128
        ]
      ],
      "elapsed_s": 1399.3
    },
    {
      "name": "sgsr2_4.5",
      "status": "ok",
      "ppl": 7.521329511891722,
      "ci_low": 7.460572249739692,
      "ci_high": 7.582742767973084,
      "ppl_delta_pct": 4.65,
      "size_mb": 582.4,
      "eff_bits_from_size": 5.042,
      "plan": [
        [
          3,
          128
        ],
        [
          4,
          128
        ],
        [
          5,
          128
        ],
        [
          4,
          128
        ],
        [
          4,
          128
        ],
        [
          4,
          128
        ],
        [
          4,
          128
        ],
        [
          5,
          128
        ],
        [
          4,
          64
        ],
        [
          4,
          128
        ],
        [
          4,
          128
        ],
        [
          4,
          128
        ],
        [
          4,
          128
        ],
        [
          4,
          128
        ],
        [
          4,
          128
        ],
        [
          4,
          128
        ],
        [
          4,
          64
        ],
        [
          4,
          128
        ],
        [
          4,
          128
        ],
        [
          4,
          128
        ],
        [
          4,
          128
        ],
        [
          5,
          128
        ]
      ],
      "elapsed_s": 1411.5
    },
    {
      "name": "uniform_3b_gs32",
      "status": "ok",
      "ppl": 8.844844787507432,
      "ci_low": 8.770368939821799,
      "ci_high": 8.92024846298215,
      "ppl_delta_pct": 23.066,
      "size_mb": 516.9,
      "eff_bits_from_size": 4.475,
      "plan": [
        [
          3,
          32
        ],
        [
          3,
          32
        ],
        [
          3,
          32
        ],
        [
          3,
          32
        ],
        [
          3,
          32
        ],
        [
          3,
          32
        ],
        [
          3,
          32
        ],
        [
          3,
          32
        ],
        [
          3,
          32
        ],
        [
          3,
          32
        ],
        [
          3,
          32
        ],
        [
          3,
          32
        ],
        [
          3,
          32
        ],
        [
          3,
          32
        ],
        [
          3,
          32
        ],
        [
          3,
          32
        ],
        [
          3,
          32
        ],
        [
          3,
          32
        ],
        [
          3,
          32
        ],
        [
          3,
          32
        ],
        [
          3,
          32
        ],
        [
          3,
          32
        ]
      ],
      "elapsed_s": 1435.4
    },
    {
      "name": "uniform_3b_gs64",
      "status": "ok",
      "ppl": 9.4084197432928,
      "ci_low": 9.33095672781086,
      "ci_high": 9.48709800826736,
      "ppl_delta_pct": 30.907,
      "size_mb": 459.2,
      "eff_bits_from_size": 3.975,